{
  "model_name": "trocr-math",
  "total_images": 15,
  "successfully_processed": 15,
  "failed_processing": 0,
  "success_rate": 1.0,
  "total_processing_time_seconds": 315.1062972545624,
  "average_inference_time_seconds": 21.00708648363749,
  "total_memory_used_mb": 2160.4140625,
  "average_memory_used_mb": 144.02760416666666,
  "exact_match_rate": 0.8666666666666667,
  "average_character_accuracy": 0.9738271604938272,
  "median_character_accuracy": 1.0,
  "std_character_accuracy": 0.07305471451111117,
  "average_levenshtein_distance": 1.2,
  "median_levenshtein_distance": 0.0,
  "timestamp": "2025-09-23T16:41:18.996516",
  "device": "CPU",
  "average_word_error_rate": 0.13333333333333333,
  "median_word_error_rate": 0.0,
  "average_token_accuracy": 0.8666666666666667,
  "median_token_accuracy": 1.0
}