{
  "model_name": "trocr-math",
  "total_images": 15,
  "successfully_processed": 15,
  "failed_processing": 0,
  "success_rate": 1.0,
  "total_processing_time_seconds": 136.72931051254272,
  "average_inference_time_seconds": 9.115287367502848,
  "total_memory_used_mb": 2142.79296875,
  "average_memory_used_mb": 142.85286458333334,
  "exact_match_rate": 0.8666666666666667,
  "average_character_accuracy": 0.9738271604938272,
  "median_character_accuracy": 1.0,
  "std_character_accuracy": 0.07305471451111117,
  "average_levenshtein_distance": 1.2,
  "median_levenshtein_distance": 0.0,
  "timestamp": "2025-09-17T17:16:24.367950",
  "device": "CPU",
  "average_word_error_rate": 0.13333333333333333,
  "median_word_error_rate": 0.0,
  "average_token_accuracy": 0.8666666666666667,
  "median_token_accuracy": 1.0
}